{"cameraMode":{"drawMode":0,"name":"Shaded","section":"Shading Mode"},"sceneLighting":false,"audioPlay":false,"sceneViewState":{"m_AlwaysRefresh":false,"showFog":true,"showSkybox":false,"showFlares":true,"showImageEffects":true,"showParticleSystems":true,"showVisualEffectGraphs":true,"m_FxEnabled":true},"in2DMode":false,"pivot":{"x":-0.000004813075065612793,"y":0.16989697515964509,"z":-0.10676873475313187},"rotation":{"x":0.0014777436153963209,"y":0.951618492603302,"z":-0.004577021114528179,"w":0.3072455823421478},"size":0.29353106021881106,"orthographic":false}